[null,{"name":"join","temp":"","event-type":"4","_id":"OViFE","actions":[{"storage":"1","varName":"hex","name":"Generate Random Hex Color"},{"title":"Kurze Information","author":"THAC","color":"${tempVars(\"hex\")}","url":"","authorIcon":"","authorUrl":"","imageUrl":"","thumbUrl":"","timestamp":"false","debug":"false","text":"","year":"","month":"","day":"","hour":"","minute":"","second":"","storage":"1","varName":"embed","name":"Create Embed Message"},{"storage":"1","varName":"embed","fieldName":"","message":"Danke das sie den Bot hinzugefügt haben ihr können sie neue Commands und vor allem momentan die Kommende Version vom Harald Bot testen\nEs können Natürlich noch Fehler auftreten bitte melden sie diese","inline":"1","name":"Add Embed Field"},{"storage":"1","varName":"embed","channel":"4","varName2":"","storage3":"0","varName3":"","iffalse":"0","iffalseVal":"","messageContent":"","name":"Send Embed Message"}]},{"name":"error","temp":"DBM","event-type":"37","_id":"PyLuS","actions":[{"id":"779726829321060353","token":"oGowO7ZlUiiK5dsznOHBjMoJg1rZ3oJ0UQNwXKZCirjAq8-KUhwja31R0refrY1sylKU","storage":"1","varName":"webhook","name":"Find Webhook"},{"webhook":"1","varName":"webhook","message":"**Ein Fehler ist aufgetreten**\n\nDBM info:\n${tempVars(\"DBM\")}\n\nJava Fehler:\n${tempVars(\"java\")}","name":"Send Message To Webhook"}],"temp2":"java"},{"name":"thacautoban","temp":"user","event-type":"6","_id":"rpvZX","actions":[{"channel":"4","varName":"","message":"Der User ${tempVars(\"user\")} wurde vom THAC autogebannt","storage":"0","varName2":"","iffalse":"0","iffalseVal":"","name":"Send Message"},{"server":"0","varName":"","dataName":"thac","comparison":"1","value":"1","iftrue":"0","iftrueVal":"","iffalse":"1","iffalseVal":"","name":"Check Server Data"},{"member":"2","varName":"user","dataName":"thacban","comparison":"1","value":"1","iftrue":"0","iftrueVal":"","iffalse":"1","iffalseVal":"","name":"Check Member Data"},{"member":"2","varName":"user","reason":"Der User wurde vom THAC gebannt!","guild":"0","varName2":"server","days":"","name":"Ban Member"}]},{"name":"idkwurdeinskipgesagt","temp":"","event-type":"1","_id":"WMBZm","actions":[{"name":"Welcome"}]}]